date,program,window,category,start_time,end_time,total_time,percent
06/05/2025,python,Time Tracker,Misc,23:55:01,23:55:15,0.23,4.81%
06/05/2025,Code,main.py - time_logger - Visual Studio Code,Study,23:55:15,23:55:41,0.43,8.93%
06/05/2025,explorer,explorer,Misc,23:55:41,23:55:49,0.13,2.75%
06/05/2025,EXCEL.EXE,פתיחה - Excel,Study,23:55:49,23:56:08,0.32,6.53%
06/05/2025,explorer,report - סייר הקבצים,Misc,23:56:08,23:56:14,0.1,2.06%
06/05/2025,EXCEL.EXE,פתיחה - Excel,Study,23:56:14,23:56:30,0.27,5.5%
06/05/2025,explorer,log - סייר הקבצים,Misc,23:56:30,23:56:34,0.07,1.37%
06/05/2025,python,Time Tracker,Misc,23:56:34,23:56:56,0.37,7.56%
06/05/2025,Code,main.py - time_logger - Visual Studio Code,Study,23:56:56,23:58:49,1.88,38.83%
06/05/2025,ShellHost,הגדרות מהירות,Misc,23:58:49,23:58:57,0.13,2.75%
06/05/2025,explorer,explorer,Misc,23:58:57,23:58:59,0.03,0.69%
06/05/2025,Code,main.py - time_logger - Visual Studio Code,Study,23:58:59,23:59:01,0.03,0.69%
06/05/2025,explorer,‏‏מעבר בין משימות,Misc,23:59:01,23:59:04,0.05,1.03%
06/05/2025,firefox,(1) WhatsApp — Mozilla Firefox,Break,23:59:04,23:59:31,0.45,9.28%
06/05/2025,python,Time Tracker,Misc,23:59:31,23:59:52,0.35,7.22%
07/05/2025,firefox,(1) WhatsApp — Mozilla Firefox,Break,23:59:52,00:07:24,7.52,102.2%
07/05/2025,ShellHost,הגדרות מהירות,Misc,00:07:24,00:07:29,0.08,-0.01%
07/05/2025,firefox,WhatsApp — Mozilla Firefox,Break,00:07:29,00:08:26,0.95,-0.07%
07/05/2025,python,Time Tracker,Misc,00:08:26,00:08:27,0.02,-0.0%
07/05/2025,Code,main.py - time_logger - Visual Studio Code,Study,00:08:27,00:10:00,1.55,-0.11%
07/05/2025,firefox,(1) WhatsApp — Mozilla Firefox,Break,00:10:00,00:14:31,4.52,-0.32%
07/05/2025,Code,main.py - time_logger - Visual Studio Code,Study,00:14:31,00:14:41,0.17,-0.01%
07/05/2025,python,Time Tracker,Misc,00:14:41,00:15:15,0.57,-0.04%
07/05/2025,firefox,"BTCUSDT 94,588.63 ▼ −0.15% Crypto — Mozilla Firefox",Break,00:15:15,00:15:19,0.07,-0.0%
07/05/2025,python,Time Tracker,Misc,00:15:19,00:15:24,0.08,-0.01%
07/05/2025,Code,main.py - time_logger - Visual Studio Code,Study,00:15:24,00:17:29,2.08,-0.15%
07/05/2025,explorer,log - סייר הקבצים,Misc,00:17:29,00:17:32,0.05,-0.0%
07/05/2025,Code,logger.py - time_logger - Visual Studio Code,Study,00:17:32,00:17:39,0.12,-0.01%
07/05/2025,firefox,(1) WhatsApp — Mozilla Firefox,Break,00:17:39,00:17:46,0.12,-0.01%
07/05/2025,Code,logger.py - time_logger - Visual Studio Code,Study,00:17:46,00:17:54,0.13,-0.01%
07/05/2025,firefox,WhatsApp — Mozilla Firefox,Break,00:17:54,00:20:03,2.15,-0.15%
07/05/2025,Code,logger.py - time_logger - Visual Studio Code,Study,00:20:03,00:20:21,0.3,-0.02%
07/05/2025,Taskmgr,‏‏מנהל המשימות,Misc,00:20:21,00:20:35,0.23,-0.02%
07/05/2025,explorer,explorer,Misc,00:20:35,00:20:36,0.02,-0.0%
07/05/2025,python,Time Tracker,Misc,00:20:36,00:20:44,0.13,-0.01%
07/05/2025,Code,logger.py - time_logger - Visual Studio Code,Study,00:20:44,00:20:46,0.03,-0.0%
07/05/2025,firefox,(1) WhatsApp — Mozilla Firefox,Break,00:20:46,00:24:12,3.42,-0.24%
07/05/2025,explorer,explorer,Misc,00:24:12,00:24:33,0.35,-0.02%
07/05/2025,python,Time Tracker,Misc,00:24:33,00:24:40,0.12,-0.01%
07/05/2025,python,Time Tracker,Misc,00:27:14,00:27:48,0.57,-0.04%
07/05/2025,ShellHost,הגדרות מהירות,Misc,00:27:48,00:31:39,3.85,-0.27%
07/05/2025,Code,main.py - time_logger - Visual Studio Code,Study,00:31:39,00:32:31,0.87,-0.06%
07/05/2025,explorer,explorer,Misc,00:32:31,00:32:32,0.02,-0.0%
07/05/2025,GitHubDesktop,‪GitHub Desktop‬,Misc,00:32:32,00:34:39,2.12,-0.15%
07/05/2025,explorer,explorer,Misc,00:34:39,00:34:42,0.05,-0.0%
07/05/2025,firefox,firefox,Break,00:34:42,00:35:57,1.25,-0.09%
07/05/2025,Code,main.py - time_logger - Visual Studio Code,Study,00:35:57,00:36:24,0.45,-0.03%
07/05/2025,python,Time Tracker,Misc,00:36:24,00:36:28,0.07,-0.0%
07/05/2025,python,Time Tracker,Misc,00:37:18,00:37:22,0.07,-0.0%
07/05/2025,Code,main.py - time_logger - Visual Studio Code,Study,00:37:22,00:41:00,3.64,-0.26%
07/05/2025,firefox,Amirlabai/time_logger: python code that checks window and logs into csv file and messures time spent on window and claculates percentage — Mozilla Firefox,Break,00:41:00,00:41:31,0.52,-0.04%
07/05/2025,Code,config.py - time_logger - Visual Studio Code,Study,00:41:31,00:41:35,0.07,-0.0%
07/05/2025,python,Time Tracker,Misc,00:41:35,00:41:40,0.07,-0.01%
10/05/2025,python,Time Tracker,Misc,14:29:41,14:29:47,0.11,0.05%
10/05/2025,Code,main.py - time_logger - Visual Studio Code,Study,14:29:47,14:29:49,0.03,0.02%
10/05/2025,GoogleDriveFS,חלון הסטטוס של Google Drive,Study,14:29:49,14:29:50,0.02,0.01%
10/05/2025,firefox,Mozilla Firefox,Break,14:29:50,14:29:53,0.05,0.03%
10/05/2025,ShellHost,הגדרות מהירות,Misc,14:29:53,14:30:02,0.15,0.08%
10/05/2025,explorer,‏‏סייר הקבצים,Misc,14:30:02,14:30:08,0.1,0.05%
10/05/2025,ApplicationFrameHost,Media Player,Study,14:30:08,14:30:10,0.02,0.02%
10/05/2025,explorer,‏‏מוסיקה - סייר הקבצים,Misc,14:30:10,14:30:11,0.02,0.01%
10/05/2025,ShellHost,הגדרות מהירות,Misc,14:30:11,14:30:17,0.1,0.05%
10/05/2025,ApplicationFrameHost,Media Player,Study,14:30:17,14:30:19,0.03,0.02%
10/05/2025,explorer,explorer,Misc,14:30:19,14:30:20,0.02,0.01%
10/05/2025,ShellHost,הגדרות מהירות,Misc,14:30:20,14:30:46,0.43,0.22%
10/05/2025,firefox,WhatsApp — Mozilla Firefox,Break,14:30:46,14:31:19,0.55,0.28%
10/05/2025,ShellHost,הגדרות מהירות,Misc,14:31:19,14:31:38,0.32,0.16%
10/05/2025,explorer,explorer,Misc,14:31:38,14:31:39,0.02,0.01%
10/05/2025,firefox,דואר נכנס - amirlabay@gmail.com - Gmail — Mozilla Firefox,Break,14:31:39,14:32:35,0.93,0.48%
10/05/2025,explorer,‏‏סייר הקבצים,Misc,14:32:35,14:32:44,0.15,0.08%
10/05/2025,firefox,(ללא נושא) - amirlabay@gmail.com - Gmail — Mozilla Firefox,Break,14:32:44,14:34:00,1.27,0.65%
10/05/2025,explorer,מעבדה סימולציה 4 - סייר הקבצים,Misc,14:34:00,14:34:08,0.13,0.07%
10/05/2025,WINWORD.EXE,פתיחה - Word,Study,14:34:08,14:34:15,0.12,0.06%
10/05/2025,explorer,סימולציה שב 3 - סייר הקבצים,Misc,14:34:15,14:34:18,0.05,0.03%
10/05/2025,EXCEL.EXE,פתיחה - Excel,Study,14:34:18,14:34:28,0.17,0.09%
10/05/2025,explorer,explorer,Misc,14:34:28,14:34:38,0.17,0.09%
10/05/2025,WINWORD.EXE,פתיחה - Word‪ - Random_Variate_Generation_Exercises  -  מצב תאימות,Study,14:34:38,14:35:13,0.58,0.3%
10/05/2025,explorer,‏‏מעבר בין משימות,Misc,14:35:13,14:35:16,0.05,0.03%
10/05/2025,WINWORD.EXE,Word‪ - Random_Variate_Generation_Exercises  -  מצב תאימות,Study,14:35:16,14:36:29,1.22,0.62%
10/05/2025,explorer,‏‏מעבר בין משימות,Misc,14:36:29,14:36:30,0.02,0.01%
10/05/2025,WINWORD.EXE,Word‪ - Random_Variate_Generation_Exercises  -  מצב תאימות,Study,14:36:30,14:40:30,4.0,2.04%
10/05/2025,explorer,‏‏מעבר בין משימות,Misc,14:40:30,14:40:31,0.02,0.01%
10/05/2025,WINWORD.EXE,Word‪ - שיטת הפונקציה ההפוכה (7),Study,14:40:31,14:43:07,2.6,1.33%
10/05/2025,explorer,explorer,Misc,14:43:07,14:43:08,0.02,0.01%
10/05/2025,WINWORD.EXE,Word‪ - שיטת הפונקציה ההפוכה (7),Study,14:43:08,14:45:16,2.12,1.09%
10/05/2025,firefox,עדכונים בקורסים שלי | בראודה 2024 - 2025 — Mozilla Firefox,Break,14:45:16,14:45:51,0.58,0.3%
10/05/2025,WINWORD.EXE,Word‪ - Random_Variate_Generation_Exercises  -  מצב תאימות,Study,14:45:51,14:46:04,0.22,0.11%
10/05/2025,explorer,explorer,Misc,14:46:04,14:46:14,0.17,0.09%
10/05/2025,WINWORD.EXE,Word‪ - Random_Variate_Generation_Exercises  -  מצב תאימות,Study,14:46:14,14:47:09,0.92,0.47%
10/05/2025,explorer,שבוע 7 - סייר הקבצים,Misc,14:47:09,14:47:23,0.23,0.12%
10/05/2025,EXCEL.EXE,Hw - Excel,Study,14:47:23,14:47:57,0.57,0.29%
10/05/2025,explorer,‏‏מעבר בין משימות,Misc,14:47:57,14:47:58,0.02,0.01%
10/05/2025,WINWORD.EXE,Word‪ - שיטת הפונקציה ההפוכה (7),Study,14:47:58,14:48:00,0.03,0.02%
10/05/2025,EXCEL.EXE,Hw - Excel,Study,14:48:00,14:48:10,0.17,0.09%
10/05/2025,WINWORD.EXE,Word‪ - שיטת הפונקציה ההפוכה (7),Study,14:48:10,14:48:15,0.08,0.04%
10/05/2025,EXCEL.EXE,Hw - Excel,Study,14:48:15,14:48:20,0.08,0.04%
10/05/2025,WINWORD.EXE,Word‪ - שיטת הפונקציה ההפוכה (7),Study,14:48:20,14:48:21,0.02,0.01%
10/05/2025,EXCEL.EXE,Hw - Excel,Study,14:48:21,14:48:23,0.03,0.02%
10/05/2025,WINWORD.EXE,Word‪ - שיטת הפונקציה ההפוכה (7),Study,14:48:23,14:48:31,0.13,0.07%
10/05/2025,EXCEL.EXE,Hw - Excel,Study,14:48:31,14:48:33,0.03,0.02%
10/05/2025,WINWORD.EXE,Word‪ - שיטת הפונקציה ההפוכה (7),Study,14:48:33,14:48:34,0.02,0.01%
10/05/2025,EXCEL.EXE,Hw - Excel,Study,14:48:34,14:48:46,0.2,0.1%
10/05/2025,WINWORD.EXE,Word‪ - שיטת הפונקציה ההפוכה (7),Study,14:48:46,14:48:47,0.02,0.01%
10/05/2025,EXCEL.EXE,Hw - Excel,Study,14:48:47,14:48:49,0.03,0.02%
10/05/2025,WINWORD.EXE,Word‪ - שיטת הפונקציה ההפוכה (7),Study,14:48:49,14:48:50,0.02,0.01%
10/05/2025,EXCEL.EXE,Hw - Excel,Study,14:48:50,14:50:32,1.7,0.87%
10/05/2025,WINWORD.EXE,Word‪ - שיטת הפונקציה ההפוכה (7),Study,14:50:32,14:50:51,0.32,0.16%
10/05/2025,EXCEL.EXE,Hw - Excel,Study,14:50:51,14:50:52,0.02,0.01%
10/05/2025,WINWORD.EXE,Word‪ - שיטת הפונקציה ההפוכה (7),Study,14:50:52,14:50:57,0.08,0.04%
10/05/2025,explorer,‏‏מעבר בין משימות,Misc,14:50:57,14:50:58,0.02,0.01%
10/05/2025,EXCEL.EXE,Hw - Excel,Study,14:50:58,14:51:01,0.05,0.03%
10/05/2025,WINWORD.EXE,Word‪ - שיטת הפונקציה ההפוכה (7),Study,14:51:01,14:51:29,0.47,0.24%
10/05/2025,EXCEL.EXE,Hw - Excel,Study,14:51:29,14:51:38,0.15,0.08%
10/05/2025,WINWORD.EXE,Word‪ - שיטת הפונקציה ההפוכה (7),Study,14:51:38,14:51:39,0.02,0.01%
10/05/2025,EXCEL.EXE,Hw - Excel,Study,14:51:39,14:51:44,0.08,0.04%
10/05/2025,WINWORD.EXE,Word‪ - שיטת הפונקציה ההפוכה (7),Study,14:51:44,14:51:45,0.02,0.01%
10/05/2025,EXCEL.EXE,Hw - Excel,Study,14:51:45,14:51:49,0.07,0.03%
10/05/2025,WINWORD.EXE,Word‪ - שיטת הפונקציה ההפוכה (7),Study,14:51:49,14:51:51,0.03,0.02%
10/05/2025,EXCEL.EXE,Hw - Excel,Study,14:51:51,14:51:53,0.03,0.02%
10/05/2025,WINWORD.EXE,Word‪ - שיטת הפונקציה ההפוכה (7),Study,14:51:53,14:51:55,0.03,0.02%
10/05/2025,EXCEL.EXE,Hw - Excel,Study,14:51:55,14:52:00,0.08,0.04%
10/05/2025,WINWORD.EXE,Word‪ - שיטת הפונקציה ההפוכה (7),Study,14:52:00,14:52:01,0.02,0.01%
10/05/2025,EXCEL.EXE,Hw - Excel,Study,14:52:01,14:52:03,0.03,0.02%
10/05/2025,WINWORD.EXE,Word‪ - שיטת הפונקציה ההפוכה (7),Study,14:52:03,14:52:14,0.18,0.09%
10/05/2025,EXCEL.EXE,Hw - Excel,Study,14:52:14,14:52:50,0.6,0.31%
10/05/2025,WINWORD.EXE,Word‪ - שיטת הפונקציה ההפוכה (7),Study,14:52:50,14:52:51,0.02,0.01%
10/05/2025,EXCEL.EXE,Hw - Excel,Study,14:52:51,14:52:53,0.03,0.02%
10/05/2025,WINWORD.EXE,Word‪ - שיטת הפונקציה ההפוכה (7),Study,14:52:53,14:53:20,0.45,0.23%
10/05/2025,EXCEL.EXE,Hw - Excel,Study,14:53:20,14:53:22,0.03,0.02%
10/05/2025,WINWORD.EXE,Word‪ - שיטת הפונקציה ההפוכה (7),Study,14:53:22,14:53:27,0.08,0.04%
10/05/2025,EXCEL.EXE,Hw - Excel,Study,14:53:27,14:54:00,0.55,0.28%
10/05/2025,WINWORD.EXE,Word‪ - שיטת הפונקציה ההפוכה (7),Study,14:54:00,14:54:11,0.18,0.09%
10/05/2025,EXCEL.EXE,Hw - Excel,Study,14:54:11,14:54:17,0.1,0.05%
10/05/2025,WINWORD.EXE,Word‪ - שיטת הפונקציה ההפוכה (7),Study,14:54:17,14:54:27,0.17,0.09%
10/05/2025,EXCEL.EXE,Hw - Excel,Study,14:54:27,14:54:36,0.15,0.08%
10/05/2025,WINWORD.EXE,Word‪ - שיטת הפונקציה ההפוכה (7),Study,14:54:36,14:54:37,0.02,0.01%
10/05/2025,explorer,explorer,Misc,14:54:37,14:54:39,0.02,0.02%
10/05/2025,EXCEL.EXE,Hw - Excel,Study,14:54:39,14:54:41,0.03,0.02%
10/05/2025,WINWORD.EXE,Word‪ - שיטת הפונקציה ההפוכה (7),Study,14:54:41,14:54:45,0.07,0.03%
10/05/2025,EXCEL.EXE,Hw - Excel,Study,14:54:45,14:54:48,0.05,0.03%
10/05/2025,WINWORD.EXE,Word‪ - שיטת הפונקציה ההפוכה (7),Study,14:54:48,14:54:53,0.08,0.04%
10/05/2025,EXCEL.EXE,Hw - Excel,Study,14:54:53,14:55:01,0.13,0.07%
10/05/2025,WINWORD.EXE,Word‪ - שיטת הפונקציה ההפוכה (7),Study,14:55:01,14:55:04,0.05,0.03%
10/05/2025,EXCEL.EXE,Hw - Excel,Study,14:55:04,14:55:13,0.15,0.08%
10/05/2025,WINWORD.EXE,Word‪ - שיטת הפונקציה ההפוכה (7),Study,14:55:13,14:55:17,0.07,0.03%
10/05/2025,EXCEL.EXE,Hw - Excel,Study,14:55:17,14:57:15,1.97,1.0%
10/05/2025,WINWORD.EXE,Word‪ - שיטת הפונקציה ההפוכה (7),Study,14:57:15,14:57:16,0.02,0.01%
10/05/2025,EXCEL.EXE,Hw - Excel,Study,14:57:16,14:57:20,0.07,0.03%
10/05/2025,WINWORD.EXE,Word‪ - שיטת הפונקציה ההפוכה (7),Study,14:57:20,14:57:21,0.02,0.01%
10/05/2025,EXCEL.EXE,Hw - Excel,Study,14:57:21,14:59:38,2.29,1.16%
10/05/2025,WINWORD.EXE,Word‪ - שיטת הפונקציה ההפוכה (7),Study,14:59:38,14:59:40,0.03,0.02%
10/05/2025,explorer,explorer,Misc,14:59:40,14:59:44,0.07,0.03%
10/05/2025,WINWORD.EXE,Word‪ - Random_Variate_Generation_Exercises  -  מצב תאימות,Study,14:59:44,14:59:51,0.12,0.06%
10/05/2025,Acrobat,שאלה 3 - Adobe Acrobat (64-bit),Study,14:59:51,14:59:55,0.07,0.03%
10/05/2025,WINWORD.EXE,Word‪ - Random_Variate_Generation_Exercises  -  מצב תאימות,Study,14:59:55,14:59:56,0.02,0.01%
10/05/2025,explorer,explorer,Misc,14:59:56,14:59:57,0.02,0.01%
10/05/2025,ApplicationFrameHost,Intel® Unison™,Study,14:59:57,15:00:23,0.43,0.22%
10/05/2025,explorer,explorer,Misc,15:00:23,15:00:24,0.02,0.01%
10/05/2025,ShellHost,הגדרות מהירות,Misc,15:00:24,15:00:29,0.08,0.04%
10/05/2025,ApplicationFrameHost,Intel® Unison™,Study,15:00:29,15:00:30,0.02,0.01%
10/05/2025,PickerHost,Open,Study,15:00:30,15:00:41,0.19,0.09%
10/05/2025,ApplicationFrameHost,Intel® Unison™,Study,15:00:41,15:01:24,0.72,0.37%
10/05/2025,WINWORD.EXE,Word‪ - Random_Variate_Generation_Exercises  -  מצב תאימות,Study,15:01:24,15:01:25,0.02,0.01%
10/05/2025,explorer,‏‏מעבר בין משימות,Misc,15:01:25,15:01:27,0.03,0.02%
10/05/2025,WINWORD.EXE,Word‪ - שיטת הפונקציה ההפוכה (7),Study,15:01:27,15:04:27,3.0,1.53%
10/05/2025,explorer,‏‏מעבר בין משימות,Misc,15:04:27,15:04:29,0.02,0.02%
10/05/2025,WINWORD.EXE,Word‪ - שיטת הפונקציה ההפוכה (7),Study,15:04:29,15:04:30,0.02,0.01%
10/05/2025,ApplicationFrameHost,Intel® Unison™,Study,15:04:30,15:04:31,0.02,0.01%
10/05/2025,explorer,‏‏מעבר בין משימות,Misc,15:04:31,15:04:32,0.02,0.01%
10/05/2025,EXCEL.EXE,Hw - Excel,Study,15:04:32,15:04:41,0.15,0.08%
10/05/2025,ApplicationFrameHost,Intel® Unison™,Study,15:04:41,15:04:42,0.02,0.01%
10/05/2025,explorer,‏‏מעבר בין משימות,Misc,15:04:42,15:04:43,0.02,0.01%
10/05/2025,WINWORD.EXE,Word‪ - Random_Variate_Generation_Exercises  -  מצב תאימות,Study,15:04:43,15:05:30,0.78,0.4%
10/05/2025,EXCEL.EXE,Hw - Excel,Study,15:05:30,15:06:06,0.6,0.31%
10/05/2025,explorer,explorer,Misc,15:06:06,15:06:07,0.02,0.01%
10/05/2025,WINWORD.EXE,Word‪ - שיטת הפונקציה ההפוכה (7),Study,15:06:07,15:06:50,0.72,0.37%
10/05/2025,EXCEL.EXE,Hw - Excel,Study,15:06:50,15:11:06,4.27,2.18%
10/05/2025,firefox,Gemini — Mozilla Firefox,Break,15:11:06,15:11:22,0.27,0.14%
10/05/2025,EXCEL.EXE,Hw - Excel,Study,15:11:22,15:18:43,7.36,3.75%
10/05/2025,WINWORD.EXE,Word‪ - שיטת הפונקציה ההפוכה (7),Study,15:18:43,15:19:11,0.47,0.24%
10/05/2025,python,Time Tracker,Misc,15:19:11,15:19:26,0.25,0.13%
10/05/2025,firefox,עדכונים בקורסים שלי | בראודה 2024 - 2025 — Mozilla Firefox,Break,15:19:26,15:49:30,30.05,15.34%
10/05/2025,Idle,No Active Window,Misc,15:49:30,15:49:31,0.02,0.01%
10/05/2025,LockApp,מסך הנעילה המשמש כברירת מחדל ב- Windows,Break,15:49:31,16:04:30,14.99,7.64%
10/05/2025,explorer,LockingWindow,Misc,16:04:30,16:25:27,20.94,10.69%
10/05/2025,LockApp,מסך הנעילה המשמש כברירת מחדל ב- Windows,Break,16:25:27,16:25:28,0.02,0.01%
10/05/2025,Idle,No Active Window,Misc,16:25:28,16:25:29,0.02,0.01%
10/05/2025,explorer,UnlockingWindow,Misc,16:25:29,16:25:30,0.02,0.01%
10/05/2025,firefox,עדכונים בקורסים שלי | בראודה 2024 - 2025 — Mozilla Firefox,Break,16:25:30,16:25:31,0.02,0.01%
10/05/2025,explorer,explorer,Misc,16:25:31,16:25:32,0.02,0.01%
10/05/2025,python,Break Time!,Misc,16:25:32,16:25:38,0.1,0.05%
10/05/2025,ShellHost,הגדרות מהירות,Misc,16:25:38,16:25:41,0.05,0.03%
10/05/2025,ApplicationFrameHost,Media Player,Study,16:25:41,16:25:45,0.07,0.03%
10/05/2025,python,Time Tracker,Misc,16:25:45,16:25:47,0.03,0.02%
10/05/2025,firefox,עדכונים בקורסים שלי | בראודה 2024 - 2025 — Mozilla Firefox,Break,16:25:47,16:30:35,4.8,2.45%
10/05/2025,python,Time Tracker,Misc,16:30:35,16:30:41,0.1,0.05%
10/05/2025,firefox,Mozilla Firefox,Break,16:30:41,16:36:32,5.85,2.98%
10/05/2025,ApplicationFrameHost,Intel® Unison™,Study,16:36:32,16:36:43,0.18,0.09%
10/05/2025,explorer,‏‏הורדות - סייר הקבצים,Misc,16:36:43,16:36:52,0.15,0.08%
10/05/2025,firefox,WhatsApp — Mozilla Firefox,Break,16:36:52,16:36:56,0.07,0.03%
10/05/2025,explorer,סימולציה שב 3 - סייר הקבצים,Misc,16:36:56,16:36:57,0.02,0.01%
10/05/2025,firefox,WhatsApp — Mozilla Firefox,Break,16:36:57,16:37:01,0.07,0.03%
10/05/2025,explorer,סימולציה שב 3 - סייר הקבצים,Misc,16:37:01,16:37:02,0.02,0.01%
10/05/2025,firefox,WhatsApp — Mozilla Firefox,Break,16:37:02,16:37:19,0.28,0.14%
10/05/2025,explorer,‏‏מעבר בין משימות,Misc,16:37:19,16:38:00,0.68,0.35%
10/05/2025,Acrobat,תרגיל 3 יצירת משתנים מקריים  להגשה ברקון טל ואבו ספיר.pdf - Adobe Acrobat (64-bit),Study,16:38:00,16:39:15,1.23,0.64%
10/05/2025,explorer,עבודות להגשה - סייר הקבצים,Misc,16:39:15,16:39:17,0.03,0.02%
10/05/2025,firefox,(1) WhatsApp — Mozilla Firefox,Break,16:39:17,16:39:51,0.57,0.29%
10/05/2025,explorer,עבודות להגשה - סייר הקבצים,Misc,16:39:51,16:39:57,0.1,0.05%
10/05/2025,EXCEL.EXE,Microsoft Excel,Study,16:39:57,16:39:58,0.02,0.01%
10/05/2025,explorer,עבודות להגשה - סייר הקבצים,Misc,16:39:58,16:40:00,0.03,0.02%
10/05/2025,python,Time Tracker,Misc,16:40:00,16:40:07,0.12,0.06%
10/05/2025,Code,main.py - time_logger - Visual Studio Code,Study,16:40:07,16:40:14,0.12,0.06%
10/05/2025,GitHubDesktop,‪GitHub Desktop‬,Misc,16:40:14,16:40:15,0.02,0.01%
10/05/2025,Code,main.py - time_logger - Visual Studio Code,Study,16:40:15,16:40:50,0.58,0.3%
10/05/2025,GitHubDesktop,‪GitHub Desktop‬,Misc,16:40:50,16:40:51,0.02,0.01%
10/05/2025,Code,logger.py - time_logger - Visual Studio Code,Study,16:40:51,16:40:54,0.05,0.03%
10/05/2025,python,Time Tracker,Misc,16:40:54,16:40:56,0.03,0.02%
10/05/2025,GitHubDesktop,‪GitHub Desktop‬,Misc,16:40:56,16:40:58,0.03,0.02%
10/05/2025,Code,logger.py - time_logger - Visual Studio Code,Study,16:40:58,16:41:44,0.77,0.39%
10/05/2025,GitHubDesktop,‪GitHub Desktop‬,Misc,16:41:44,16:41:56,0.2,0.1%
10/05/2025,Code,tracker.py - time_logger - Visual Studio Code,Study,16:41:56,16:42:41,0.75,0.38%
10/05/2025,firefox,Gemini — Mozilla Firefox,Break,16:42:41,16:42:44,0.05,0.03%
10/05/2025,Code,logger.py - time_logger - Visual Studio Code,Study,16:42:44,16:42:53,0.15,0.08%
10/05/2025,python,Time Tracker,Misc,16:42:53,16:42:57,0.07,0.03%
10/05/2025,Code,logger.py - time_logger - Visual Studio Code,Study,16:42:57,16:43:23,0.43,0.22%
10/05/2025,GitHubDesktop,‪GitHub Desktop‬,Misc,16:43:23,16:43:37,0.23,0.12%
10/05/2025,Code,logger.py - time_logger - Visual Studio Code,Study,16:43:37,16:44:30,0.88,0.45%
10/05/2025,explorer,עבודות להגשה - סייר הקבצים,Misc,16:44:30,16:44:31,0.02,0.01%
10/05/2025,python,Time Tracker,Misc,16:44:31,16:44:33,0.03,0.02%
10/05/2025,python,Time Tracker,Misc,16:44:54,16:44:57,0.05,0.03%
10/05/2025,GitHubDesktop,‪GitHub Desktop‬,Misc,16:44:57,16:45:00,0.05,0.03%
10/05/2025,python,Time Tracker,Misc,16:45:00,16:45:07,0.12,0.06%
10/05/2025,Code,logger.py - time_logger - Visual Studio Code,Study,16:45:07,16:45:27,0.33,0.17%
10/05/2025,python,Time Tracker,Misc,16:45:27,16:45:31,0.07,0.03%
10/05/2025,python,Time Tracker,Misc,16:45:49,16:45:52,0.05,0.03%
10/05/2025,GitHubDesktop,‪GitHub Desktop‬,Misc,16:45:52,16:45:55,0.05,0.03%
10/05/2025,python,Time Tracker,Misc,16:45:55,16:45:58,0.05,0.03%
10/05/2025,GitHubDesktop,‪GitHub Desktop‬,Misc,16:45:58,16:45:59,0.02,0.01%
10/05/2025,python,Time Tracker,Misc,16:45:59,16:46:05,0.1,0.05%
10/05/2025,Code,main.py - time_logger - Visual Studio Code,Study,16:46:05,16:47:12,1.12,0.57%
10/05/2025,python,Time Tracker,Misc,16:47:12,16:47:17,0.07,0.04%
10/05/2025,python,Time Tracker,Misc,16:47:26,16:47:28,0.03,0.02%
10/05/2025,python,Time Tracker,Misc,16:47:26,16:47:35,0.14,0.08%
10/05/2025,Code,main.py - time_logger - Visual Studio Code,Study,16:47:35,16:47:37,0.03,0.02%
10/05/2025,python,Time Tracker,Misc,16:47:37,16:47:44,0.12,0.06%
10/05/2025,python,Time Tracker,Misc,16:47:50,16:47:51,0.02,0.01%
10/05/2025,python,Time Tracker,Misc,16:47:55,16:47:57,0.03,0.02%
10/05/2025,python,Time Tracker,Misc,16:47:55,16:48:00,0.09,0.04%
10/05/2025,Idle,No Active Window,Misc,16:48:00,16:48:01,0.02,0.01%
10/05/2025,Code,main.py - time_logger - Visual Studio Code,Study,16:48:01,16:48:11,0.17,0.09%
10/05/2025,python,Time Tracker,Misc,16:48:11,16:48:39,0.47,0.24%
10/05/2025,Code,main.py - time_logger - Visual Studio Code,Study,16:48:39,16:49:27,0.8,0.41%
10/05/2025,explorer,explorer,Misc,16:49:27,16:49:28,0.02,0.01%
10/05/2025,python,Time Tracker,Misc,16:49:33,16:49:44,0.18,0.09%
10/05/2025,explorer,explorer,Misc,16:49:44,16:49:51,0.12,0.06%
10/05/2025,EXCEL.EXE,פתיחה - Excel,Study,16:49:51,16:50:56,1.08,0.55%
10/05/2025,explorer,‏‏מסמכים - סייר הקבצים,Misc,16:50:56,16:50:58,0.03,0.02%
10/05/2025,python,Time Tracker,Misc,16:50:58,16:51:07,0.15,0.08%
10/05/2025,Code,main.py - time_logger - Visual Studio Code,Study,16:51:07,16:51:37,0.5,0.26%
10/05/2025,python,Time Tracker,Misc,16:51:37,16:51:38,0.02,0.01%
10/05/2025,python,Time Tracker,Misc,16:51:45,16:51:49,0.07,0.03%
10/05/2025,Code,main.py - time_logger - Visual Studio Code,Study,16:51:49,16:53:35,1.77,0.9%
10/05/2025,python,Time Tracker,Misc,16:53:35,16:53:36,0.02,0.01%
10/05/2025,python,Time Tracker,Misc,16:53:46,16:53:48,0.03,0.02%
10/05/2025,Code,main.py - time_logger - Visual Studio Code,Study,16:53:48,16:54:06,0.3,0.15%
10/05/2025,GitHubDesktop,‪GitHub Desktop‬,Misc,16:54:06,16:54:08,0.03,0.02%
10/05/2025,Code,logger.py - time_logger - Visual Studio Code,Study,16:54:08,16:54:34,0.43,0.22%
10/05/2025,firefox,Gemini — Mozilla Firefox,Break,16:54:34,16:54:45,0.18,0.09%
10/05/2025,explorer,explorer,Misc,16:54:45,16:55:04,0.32,0.16%
10/05/2025,Acrobat,SC_CW5A_iluzim.pdf - Adobe Acrobat (64-bit),Study,16:55:04,16:56:03,0.98,0.5%
10/05/2025,SearchHost,חיפוש,Misc,16:56:03,16:56:06,0.05,0.03%
10/05/2025,explorer,explorer,Misc,16:56:06,16:56:07,0.02,0.01%
10/05/2025,olk,Outlook,Study,16:56:07,16:56:21,0.23,0.12%
10/05/2025,Acrobat,SCEXE5_1.pdf - Adobe Acrobat (64-bit),Study,16:56:21,16:56:41,0.33,0.17%
10/05/2025,python,Time Tracker,Misc,16:56:41,17:06:34,9.88,5.04%
10/05/2025,Idle,No Active Window,Misc,17:06:34,17:06:35,0.02,0.01%
10/05/2025,LockApp,מסך הנעילה המשמש כברירת מחדל ב- Windows,Break,17:06:35,17:06:36,0.02,0.01%
10/05/2025,explorer,UnlockingWindow,Misc,17:06:36,17:06:37,0.02,0.01%
10/05/2025,python,Time Tracker,Misc,17:06:37,17:06:40,0.05,0.03%
10/05/2025,ShellHost,הגדרות מהירות,Misc,17:06:40,17:06:44,0.07,0.03%
10/05/2025,explorer,explorer,Misc,17:06:44,17:06:45,0.02,0.01%
10/05/2025,ApplicationFrameHost,Media Player,Study,17:06:45,17:06:48,0.05,0.03%
10/05/2025,python,Time Tracker,Misc,17:06:48,17:06:49,0.02,0.01%
10/05/2025,Acrobat,SCEXE5_1.pdf - Adobe Acrobat (64-bit),Study,17:06:49,17:08:15,1.43,0.73%
10/05/2025,firefox,עדכונים בקורסים שלי | בראודה 2024 - 2025 — Mozilla Firefox,Break,17:08:15,17:08:22,0.12,0.06%
10/05/2025,explorer,explorer,Misc,17:08:22,17:08:24,0.03,0.02%
10/05/2025,firefox,WhatsApp — Mozilla Firefox,Break,17:08:24,17:12:49,4.42,2.25%
10/05/2025,Acrobat,Acrobat,Study,17:12:49,17:12:51,0.03,0.02%
10/05/2025,explorer,explorer,Misc,17:12:51,17:12:52,0.02,0.01%
10/05/2025,Acrobat,SCEXE5_1.pdf - Adobe Acrobat (64-bit),Study,17:12:52,17:20:38,7.76,3.96%
10/05/2025,ApplicationFrameHost,Media Player,Study,17:20:38,17:20:41,0.05,0.03%
10/05/2025,Acrobat,Acrobat,Study,17:20:41,17:20:42,0.02,0.01%
10/05/2025,ApplicationFrameHost,Media Player,Study,17:20:42,17:20:45,0.05,0.03%
10/05/2025,Acrobat,Acrobat,Study,17:20:45,17:25:34,4.82,2.46%
10/05/2025,explorer,‏‏מעבר בין משימות,Misc,17:25:34,17:25:40,0.1,0.05%
10/05/2025,Acrobat,SC_HW5_sol.pdf - Adobe Acrobat (64-bit),Study,17:25:40,17:25:50,0.17,0.09%
10/05/2025,explorer,פתרונות - סייר הקבצים,Misc,17:25:50,17:25:51,0.02,0.01%
10/05/2025,Acrobat,Acrobat,Study,17:25:51,17:26:37,0.77,0.39%
10/05/2025,explorer,פתרונות - סייר הקבצים,Misc,17:26:37,17:26:39,0.03,0.02%
10/05/2025,Acrobat,SC_HW6_sol.pdf - Adobe Acrobat (64-bit),Study,17:26:39,17:26:45,0.1,0.05%
10/05/2025,explorer,פתרונות - סייר הקבצים,Misc,17:26:45,17:26:49,0.07,0.03%
10/05/2025,Acrobat,SC_CW5A_iluzim.pdf - Adobe Acrobat (64-bit),Study,17:26:49,17:27:01,0.2,0.1%
10/05/2025,explorer,‏‏מעבר בין משימות,Misc,17:27:01,17:27:03,0.03,0.02%
10/05/2025,firefox,(1) WhatsApp — Mozilla Firefox,Break,17:27:03,17:27:48,0.75,0.38%
10/05/2025,Acrobat,Acrobat,Study,17:27:48,17:27:53,0.08,0.04%
10/05/2025,firefox,קורס: תכנון ותפעול תהליך האספקה בארגון (51132) 2025-2 | בראודה 2024 - 2025 — Mozilla Firefox,Break,17:27:53,17:27:55,0.03,0.02%
10/05/2025,explorer,‏‏הורדות - סייר הקבצים,Misc,17:27:55,17:28:01,0.1,0.05%
10/05/2025,Acrobat,SC_HW5__sol_אילוצים_אחיד.pdf - Adobe Acrobat (64-bit),Study,17:28:01,17:32:53,4.87,2.48%
10/05/2025,firefox,(2) WhatsApp — Mozilla Firefox,Break,17:32:53,17:32:57,0.07,0.03%
10/05/2025,ApplicationFrameHost,Media Player,Study,17:32:57,17:32:58,0.02,0.01%
10/05/2025,firefox,(1) WhatsApp — Mozilla Firefox,Break,17:32:58,17:34:53,1.92,0.98%
10/05/2025,ApplicationFrameHost,Media Player,Study,17:34:53,17:34:54,0.02,0.01%
10/05/2025,Acrobat,SC_HW5__sol_אילוצים_אחיד.pdf - Adobe Acrobat (64-bit),Study,17:34:54,17:35:46,0.87,0.44%
10/05/2025,ApplicationFrameHost,Media Player,Study,17:35:46,17:35:48,0.03,0.02%
10/05/2025,firefox,(1) WhatsApp — Mozilla Firefox,Break,17:35:48,17:35:51,0.05,0.03%
10/05/2025,Acrobat,Acrobat,Study,17:35:51,17:36:00,0.15,0.08%
10/05/2025,python,Time Tracker,Misc,17:36:00,17:36:38,0.62,0.32%
10/05/2025,Acrobat,SCEXE5_1.pdf - Adobe Acrobat (64-bit),Study,17:36:38,17:36:46,0.13,0.07%
10/05/2025,python,Time Tracker,Misc,17:36:46,17:36:51,0.08,0.04%
10/05/2025,Code,logger.py - time_logger - Visual Studio Code,Study,17:36:51,17:37:13,0.37,0.19%
10/05/2025,python,Time Tracker,Misc,17:37:13,17:37:38,0.42,0.21%
10/05/2025,python,Time Tracker,Misc,17:37:13,17:37:48,0.59,0.3%
10/05/2025,Code,tracker.py - time_logger - Visual Studio Code,Study,17:37:48,17:40:07,2.32,1.18%
10/05/2025,firefox,(1) WhatsApp — Mozilla Firefox,Break,17:40:07,17:40:40,0.55,0.28%
10/05/2025,Code,logger.py - time_logger - Visual Studio Code,Study,17:40:40,17:41:04,0.4,0.2%
10/05/2025,python,Time Tracker,Misc,17:41:04,17:41:05,0.02,0.01%
10/05/2025,python,Time Tracker,Misc,17:42:23,17:42:26,0.05,0.03%
10/05/2025,python,Time Tracker,Misc,17:43:45,17:43:46,0.02,0.01%
10/05/2025,python,Time Tracker,Misc,17:44:26,17:44:28,0.03,0.02%
10/05/2025,python,Time Tracker,Misc,17:45:39,17:45:40,0.02,0.01%
10/05/2025,python,Time Tracker,Misc,17:45:47,17:45:51,0.07,0.03%
10/05/2025,python,Time Tracker,Misc,17:46:09,17:46:14,0.08,0.04%
10/05/2025,python,Time Tracker,Misc,17:51:49,17:52:10,0.35,0.18%
10/05/2025,Code,main.py - time_logger - Visual Studio Code,Study,17:52:10,17:52:15,0.08,0.04%
10/05/2025,explorer,report - סייר הקבצים,Misc,17:52:15,17:52:35,0.33,0.17%
10/05/2025,Code,main.py - time_logger - Visual Studio Code,Study,17:52:35,17:52:36,0.02,0.01%
10/05/2025,python,Time Tracker,Misc,17:52:36,17:52:43,0.12,0.06%
10/05/2025,explorer,explorer,Misc,17:52:43,17:52:55,0.2,0.1%
10/05/2025,EXCEL.EXE,Excel,Study,17:52:55,17:53:01,0.1,0.05%
10/05/2025,explorer,report - סייר הקבצים,Misc,17:53:01,17:53:10,0.15,0.08%
10/05/2025,Code,main.py - time_logger - Visual Studio Code,Study,17:53:10,17:53:51,0.68,0.35%
10/05/2025,firefox,Mozilla Firefox,Break,17:53:51,17:56:58,3.1,1.59%
10/05/2025,python,Time Tracker,Misc,17:56:58,17:57:00,0.03,0.02%
10/05/2025,Code,Extension: Rainbow CSV - time_logger - Visual Studio Code,Study,17:57:00,17:57:01,0.02,0.01%
10/05/2025,python,Time Tracker,Misc,17:57:01,17:57:03,0.03,0.02%
11/05/2025,python,Time Tracker,Misc,14:46:13,14:46:19,0.1,0.1%
11/05/2025,GitHubDesktop,‪GitHub Desktop‬,Misc,14:46:19,14:46:21,0.03,0.03%
11/05/2025,python,Time Tracker,Misc,14:46:21,14:46:28,0.12,0.12%
11/05/2025,Code,main.py - time_logger - Visual Studio Code,Study,14:46:28,14:46:44,0.27,0.27%
11/05/2025,explorer,explorer,Misc,14:46:44,14:47:30,0.77,0.79%
11/05/2025,Visual Paradigm,Visual Paradigm,Study,14:47:30,14:47:45,0.25,0.26%
11/05/2025,explorer,HW 2 - סייר הקבצים,Misc,14:47:45,14:48:10,0.42,0.43%
11/05/2025,Code,logger.py - time_logger - Visual Studio Code,Study,14:48:10,14:48:19,0.15,0.15%
11/05/2025,Visual Paradigm,Opening Project,Study,14:48:19,14:48:20,0.02,0.02%
11/05/2025,Code,logger.py - time_logger - Visual Studio Code,Study,14:48:20,14:49:59,1.64,1.69%
11/05/2025,Visual Paradigm,Recover Project,Study,14:49:59,14:50:52,0.88,0.91%
11/05/2025,Code,● logger.py - time_logger - Visual Studio Code,Study,14:50:52,14:56:01,5.16,5.28%
11/05/2025,Visual Paradigm,Hebrew Library System Homework * - Visual Paradigm Standard,Study,14:56:01,14:56:02,0.02,0.02%
11/05/2025,explorer,‏‏מעבר בין משימות,Misc,14:56:02,14:56:03,0.02,0.02%
11/05/2025,Code,tracker.py - time_logger - Visual Studio Code,Study,14:56:03,14:56:08,0.08,0.09%
11/05/2025,explorer,‏‏מעבר בין משימות,Misc,14:56:08,14:56:11,0.05,0.05%
11/05/2025,Visual Paradigm,Hebrew Library System Homework * - Visual Paradigm Standard,Study,14:56:11,14:56:14,0.05,0.05%
11/05/2025,Code,tracker.py - time_logger - Visual Studio Code,Study,14:56:14,14:56:15,0.02,0.02%
11/05/2025,explorer,‏‏מעבר בין משימות,Misc,14:56:15,14:56:16,0.02,0.02%
11/05/2025,Visual Paradigm,Hebrew Library System Homework * - Visual Paradigm Standard,Study,14:56:16,14:56:18,0.03,0.03%
11/05/2025,Code,tracker.py - time_logger - Visual Studio Code,Study,14:56:18,14:57:11,0.87,0.91%
11/05/2025,python,Time Tracker,Misc,14:57:11,14:57:12,0.02,0.02%
11/05/2025,python,Time Tracker,Misc,14:58:22,14:58:27,0.07,0.09%
11/05/2025,Code,main.py - time_logger - Visual Studio Code,Study,14:58:27,14:58:30,0.05,0.05%
11/05/2025,python,Time Tracker,Misc,14:58:30,14:58:36,0.1,0.1%
11/05/2025,Code,main.py - time_logger - Visual Studio Code,Study,14:58:36,14:59:54,1.3,1.33%
11/05/2025,explorer,‏‏מעבר בין משימות,Misc,14:59:54,14:59:57,0.05,0.05%
11/05/2025,firefox,"Google Calendar - Week of June 29, 2025 — Mozilla Firefox",Break,14:59:57,15:01:30,1.55,1.59%
11/05/2025,explorer,‏‏מעבר בין משימות,Misc,15:01:30,15:01:31,0.02,0.02%
11/05/2025,Code,tracker.py - time_logger - Visual Studio Code,Study,15:01:31,15:01:56,0.42,0.43%
11/05/2025,explorer,‏‏מעבר בין משימות,Misc,15:01:56,15:01:57,0.02,0.02%
11/05/2025,python,Time Tracker,Misc,15:02:01,15:02:05,0.07,0.07%
11/05/2025,Code,main.py - time_logger - Visual Studio Code,Study,15:02:05,15:02:28,0.38,0.39%
11/05/2025,python,Time Tracker,Misc,15:02:28,15:02:40,0.2,0.21%
11/05/2025,Code,tracker.py - time_logger - Visual Studio Code,Study,15:02:40,15:03:13,0.53,0.56%
11/05/2025,python,Time Tracker,Misc,15:03:13,15:03:15,0.03,0.03%
11/05/2025,python,Time Tracker,Misc,15:03:20,15:03:22,0.03,0.03%
11/05/2025,Code,main.py - time_logger - Visual Studio Code,Study,15:03:22,15:04:19,0.95,0.97%
11/05/2025,explorer,explorer,Misc,15:04:19,15:05:37,1.3,1.33%
11/05/2025,Acrobat,מערכת לניהול ספריה - תרגיל בית 2.pdf - Adobe Acrobat (64-bit),Study,15:05:37,15:06:49,1.2,1.23%
11/05/2025,explorer,explorer,Misc,15:06:49,15:06:50,0.02,0.02%
11/05/2025,Visual Paradigm,Hebrew Library System Homework * - Visual Paradigm Standard,Study,15:06:50,15:11:53,5.05,5.18%
11/05/2025,python,Time Tracker,Misc,15:11:53,15:11:57,0.07,0.07%
11/05/2025,Visual Paradigm,Exporting,Study,15:11:57,15:12:01,0.07,0.07%
11/05/2025,explorer,explorer,Misc,15:12:01,15:12:02,0.02,0.02%
11/05/2025,python,Time Tracker,Misc,15:12:02,15:12:03,0.02,0.02%
11/05/2025,Code,main.py - time_logger - Visual Studio Code,Study,15:12:03,15:12:47,0.74,0.75%
11/05/2025,Visual Paradigm,Open Exported File,Study,15:12:47,15:12:53,0.1,0.1%
11/05/2025,Photos,Photos,Study,15:12:53,15:13:07,0.23,0.24%
11/05/2025,Visual Paradigm,Hebrew Library System Homework * - Visual Paradigm Standard,Study,15:13:07,15:13:54,0.77,0.8%
11/05/2025,Code,logger.py - time_logger - Visual Studio Code,Study,15:13:54,15:14:50,0.93,0.96%
11/05/2025,python,Time Tracker,Misc,15:14:50,15:14:51,0.02,0.02%
11/05/2025,python,Time Tracker,Misc,15:14:55,15:14:57,0.03,0.03%
11/05/2025,Visual Paradigm,Open Exported File,Study,15:14:57,15:15:02,0.08,0.09%
11/05/2025,Photos,Decision Tree2.jpg,Study,15:15:02,15:15:12,0.17,0.17%
11/05/2025,Visual Paradigm,Hebrew Library System Homework * - Visual Paradigm Standard,Study,15:15:12,15:16:20,1.13,1.16%
11/05/2025,python,Time Tracker,Misc,15:16:20,15:16:21,0.02,0.02%
11/05/2025,explorer,explorer,Misc,15:16:21,15:16:39,0.3,0.31%
11/05/2025,GoogleDriveFS,הפריטים הוסרו,Study,15:16:39,15:16:43,0.07,0.07%
11/05/2025,Visual Paradigm,Visual Paradigm,Study,15:16:43,15:16:46,0.05,0.05%
11/05/2025,Code,main.py - time_logger - Visual Studio Code,Study,15:16:46,15:16:58,0.2,0.21%
11/05/2025,firefox,Gemini — Mozilla Firefox,Break,15:16:58,15:17:16,0.3,0.31%
11/05/2025,python,Time Tracker,Misc,15:17:16,15:17:18,0.02,0.03%
11/05/2025,explorer,explorer,Misc,15:17:18,15:17:25,0.12,0.12%
11/05/2025,Visual Paradigm,Visual Paradigm,Study,15:17:25,15:17:29,0.07,0.07%
11/05/2025,python,Time Tracker,Misc,15:17:29,15:17:33,0.07,0.07%
11/05/2025,explorer,HW 2 - סייר הקבצים,Misc,15:17:33,15:17:38,0.08,0.09%
11/05/2025,Visual Paradigm,Visual Paradigm Standard,Study,15:17:38,15:17:41,0.05,0.05%
11/05/2025,explorer,HW 2 - סייר הקבצים,Misc,15:17:41,15:17:42,0.02,0.02%
11/05/2025,Visual Paradigm,Hebrew Library System Homework - Visual Paradigm Standard,Study,15:17:42,15:21:57,4.24,4.36%
11/05/2025,explorer,‏‏מעבר בין משימות,Misc,15:21:57,15:22:01,0.07,0.07%
11/05/2025,Acrobat,מערכת לניהול ספריה - תרגיל בית 2.pdf - Adobe Acrobat (64-bit),Study,15:22:01,15:22:11,0.17,0.17%
11/05/2025,explorer,HW 2 - סייר הקבצים,Misc,15:22:11,15:22:12,0.02,0.02%
11/05/2025,Visual Paradigm,Hebrew Library System Homework * - Visual Paradigm Standard,Study,15:22:12,15:22:14,0.03,0.03%
11/05/2025,firefox,"Google Calendar - Week of May 11, 2025 — Mozilla Firefox",Break,15:22:14,15:22:46,0.53,0.55%
11/05/2025,Visual Paradigm,Hebrew Library System Homework * - Visual Paradigm Standard,Study,15:22:46,15:22:55,0.15,0.15%
11/05/2025,firefox,Gemini — Mozilla Firefox,Break,15:22:55,15:22:59,0.07,0.07%
11/05/2025,Visual Paradigm,Hebrew Library System Homework * - Visual Paradigm Standard,Study,15:22:59,15:23:39,0.67,0.68%
11/05/2025,firefox,Gemini — Mozilla Firefox,Break,15:23:39,15:23:45,0.1,0.1%
11/05/2025,Visual Paradigm,Hebrew Library System Homework * - Visual Paradigm Standard,Study,15:23:45,15:23:49,0.07,0.07%
11/05/2025,firefox,Gemini — Mozilla Firefox,Break,15:23:49,15:24:08,0.32,0.32%
11/05/2025,Visual Paradigm,Hebrew Library System Homework * - Visual Paradigm Standard,Study,15:24:08,15:24:18,0.17,0.17%
11/05/2025,firefox,Gemini — Mozilla Firefox,Break,15:24:18,15:24:22,0.07,0.07%
11/05/2025,Visual Paradigm,Hebrew Library System Homework * - Visual Paradigm Standard,Study,15:24:22,15:24:32,0.17,0.17%
11/05/2025,firefox,Gemini — Mozilla Firefox,Break,15:24:32,15:24:38,0.1,0.1%
11/05/2025,Visual Paradigm,Hebrew Library System Homework * - Visual Paradigm Standard,Study,15:24:38,15:24:55,0.28,0.29%
11/05/2025,firefox,Gemini — Mozilla Firefox,Break,15:24:55,15:25:00,0.07,0.09%
11/05/2025,Visual Paradigm,Hebrew Library System Homework * - Visual Paradigm Standard,Study,15:25:00,15:25:06,0.1,0.1%
11/05/2025,firefox,Gemini — Mozilla Firefox,Break,15:25:06,15:25:15,0.15,0.15%
11/05/2025,Visual Paradigm,Hebrew Library System Homework * - Visual Paradigm Standard,Study,15:25:15,15:26:20,1.08,1.11%
11/05/2025,explorer,‏‏מעבר בין משימות,Misc,15:26:20,15:26:22,0.03,0.03%
11/05/2025,Acrobat,מערכת לניהול ספריה - תרגיל בית 2.pdf - Adobe Acrobat (64-bit),Study,15:26:22,15:26:43,0.35,0.36%
11/05/2025,firefox,Gemini — Mozilla Firefox,Break,15:26:43,15:26:46,0.05,0.05%
11/05/2025,Acrobat,מערכת לניהול ספריה - תרגיל בית 2.pdf - Adobe Acrobat (64-bit),Study,15:26:46,15:44:50,18.07,18.52%
11/05/2025,Idle,No Active Window,Misc,15:44:50,15:51:09,6.31,6.48%
11/05/2025,LockApp,מסך הנעילה המשמש כברירת מחדל ב- Windows,Break,15:51:09,15:51:11,0.03,0.03%
11/05/2025,Acrobat,מערכת לניהול ספריה - תרגיל בית 2.pdf - Adobe Acrobat (64-bit),Study,15:51:11,15:51:12,0.02,0.02%
11/05/2025,Visual Paradigm,Hebrew Library System Homework * - Visual Paradigm Standard,Study,15:51:12,15:51:29,0.28,0.29%
11/05/2025,explorer,explorer,Misc,15:51:29,15:51:30,0.02,0.02%
11/05/2025,Acrobat,מערכת לניהול ספריה - תרגיל בית 2.pdf - Adobe Acrobat (64-bit),Study,15:51:30,15:51:38,0.13,0.14%
11/05/2025,Visual Paradigm,Hebrew Library System Homework * - Visual Paradigm Standard,Study,15:51:38,15:52:00,0.37,0.38%
11/05/2025,Acrobat,מערכת לניהול ספריה - תרגיל בית 2.pdf - Adobe Acrobat (64-bit),Study,15:52:00,15:52:05,0.08,0.09%
11/05/2025,Visual Paradigm,Hebrew Library System Homework * - Visual Paradigm Standard,Study,15:52:05,15:52:08,0.05,0.05%
11/05/2025,Acrobat,מערכת לניהול ספריה - תרגיל בית 2.pdf - Adobe Acrobat (64-bit),Study,15:52:08,15:52:09,0.02,0.02%
11/05/2025,Visual Paradigm,Hebrew Library System Homework * - Visual Paradigm Standard,Study,15:52:09,15:52:21,0.2,0.21%
11/05/2025,Acrobat,מערכת לניהול ספריה - תרגיל בית 2.pdf - Adobe Acrobat (64-bit),Study,15:52:21,15:52:22,0.02,0.02%
11/05/2025,python,Time Tracker,Misc,15:52:22,15:52:23,0.02,0.02%
11/05/2025,Code,main.py - time_logger - Visual Studio Code,Study,15:52:23,15:56:20,3.95,4.05%
11/05/2025,python,Time Tracker,Misc,15:56:20,15:56:21,0.02,0.02%
11/05/2025,Acrobat,מערכת לניהול ספריה - תרגיל בית 2.pdf - Adobe Acrobat (64-bit),Study,15:56:21,15:56:22,0.02,0.02%
11/05/2025,firefox,Gemini — Mozilla Firefox,Break,15:56:22,15:56:33,0.18,0.19%
11/05/2025,explorer,explorer,Misc,15:56:33,15:56:40,0.12,0.12%
11/05/2025,firefox,קורס: תכנון ותפעול תהליך האספקה בארגון (51132) 2025-2 | בראודה 2024 - 2025 — Mozilla Firefox,Break,15:56:40,15:57:58,1.3,1.33%
11/05/2025,explorer,explorer,Misc,15:57:58,15:58:04,0.1,0.1%
11/05/2025,Acrobat,"Real, Relevant,  Surprising and Fresh: Cisco Brand (Animated) - Adobe Acrobat (64-bit)",Study,15:58:04,15:59:08,1.07,1.09%
11/05/2025,explorer,הרצאות - סייר הקבצים,Misc,15:59:08,15:59:14,0.1,0.1%
11/05/2025,Acrobat,"Real, Relevant,  Surprising and Fresh: Cisco Brand (Animated) - Adobe Acrobat (64-bit)",Study,15:59:14,16:00:37,1.38,1.42%
11/05/2025,firefox,קורס: אפיון וניתוח מערכות מידע (51429) 2025-2 | בראודה 2024 - 2025 — Mozilla Firefox,Break,16:00:37,16:01:11,0.57,0.58%
11/05/2025,Acrobat,Acrobat,Study,16:01:11,16:12:06,10.91,11.19%
11/05/2025,python,Break Time!,Misc,16:12:06,16:12:21,0.25,0.26%
11/05/2025,firefox,תחנת מידע המכללה האקדמית להנדסה בראודה כרמיאל חיפוש קורסים במערכת — Mozilla Firefox,Break,16:12:21,16:12:22,0.02,0.02%
11/05/2025,Idle,No Active Window,Misc,16:12:22,16:12:23,0.02,0.02%
11/05/2025,Code,time_tracker_app.log - time_logger - Visual Studio Code,Study,16:12:23,16:14:02,1.65,1.69%
11/05/2025,explorer,‏‏מעבר בין משימות,Misc,16:14:02,16:14:03,0.02,0.02%
11/05/2025,python,Time Tracker,Misc,16:14:03,16:14:04,0.02,0.02%
11/05/2025,python,Time Tracker,Misc,16:15:15,16:19:16,4.02,4.12%
11/05/2025,Code,ui.py - time_logger - Visual Studio Code,Study,16:19:16,16:19:34,0.3,0.31%
11/05/2025,python,Time Tracker,Misc,16:19:34,16:26:12,6.62,6.8%
11/05/2025,Code,ui.py - time_logger - Visual Studio Code,Study,16:26:12,16:26:16,0.07,0.07%
11/05/2025,python,Time Tracker,Misc,16:26:16,16:26:19,0.05,0.05%
